{
    "arachnacopter_engine": [
        0,
        10704.013605442176
    ],
    "arachnatron_death": [
        12000,
        1638.8208616780043
    ],
    "arachnatron_injured": [
        15000,
        862.6757369614513
    ],
    "arachnatron_moving": [
        17000,
        478.54875283446677
    ],
    "arachnatron_nearby": [
        19000,
        1198.911564625849
    ],
    "arachnatron_sighted": [
        22000,
        979.2290249433115
    ],
    "barrel_exploding": [
        24000,
        1686.349206349206
    ],
    "cacodemon_attack": [
        27000,
        1336.9614512471665
    ],
    "cacodemon_death": [
        30000,
        937.3242630385477
    ],
    "cacodemon_injured": [
        32000,
        862.6757369614495
    ],
    "cacodemon_nearby": [
        34000,
        1074.7392290249422
    ],
    "cacodemon_sighted": [
        37000,
        1559.2743764172355
    ],
    "demon_attack": [
        40000,
        848.0725623582757
    ],
    "demon_death": [
        42000,
        1111.2018140589585
    ],
    "demon_injured": [
        45000,
        862.6757369614495
    ],
    "demon_nearby": [
        47000,
        1074.7392290249422
    ],
    "demon_sighted": [
        50000,
        1012.6077097505686
    ],
    "door_closing": [
        53000,
        380.4988662131521
    ],
    "door_opening": [
        55000,
        379.2290249433137
    ],
    "entering_map": [
        57000,
        534.9659863945603
    ],
    "explosion_launcher": [
        59000,
        1060.5895691609958
    ],
    "imp_attack": [
        62000,
        1336.9614512471628
    ],
    "imp_death": [
        65000,
        844.5351473922926
    ],
    "imp_injured": [
        67000,
        783.2199546485299
    ],
    "imp_nearby": [
        69000,
        909.2063492063431
    ],
    "imp_sighted": [
        71000,
        1235.9183673469402
    ],
    "item_pickup": [
        74000,
        205.2607709750589
    ],
    "player_death": [
        76000,
        982.7664399092981
    ],
    "player_injured": [
        78000,
        1374.331065759634
    ],
    "player_use": [
        81000,
        354.6485260770993
    ],
    "portal_open": [
        83000,
        1404.4444444444507
    ],
    "portal_swirl": [
        86000,
        1104.852607709745
    ],
    "powerup": [
        89000,
        719.0929705215439
    ],
    "revenant_attack": [
        91000,
        1320.0907029478515
    ],
    "revenant_death": [
        94000,
        1322.2675736961519
    ],
    "revenant_injured": [
        97000,
        783.2199546485299
    ],
    "revenant_nearby": [
        99000,
        955.5555555555486
    ],
    "revenant_sighted": [
        101000,
        1061.496598639451
    ],
    "sergeant_attack": [
        104000,
        856.6893424036266
    ],
    "sergeant_death": [
        106000,
        992.8344671201756
    ],
    "sergeant_injured": [
        108000,
        783.2199546485299
    ],
    "sergeant_nearby": [
        110000,
        977.2335600907098
    ],
    "sergeant_sighted": [
        112000,
        1022.9478458049925
    ],
    "soul_attack": [
        115000,
        798.3673469387753
    ],
    "soul_death": [
        117000,
        1060.5895691609958
    ],
    "soul_injured": [
        120000,
        862.6757369614495
    ],
    "soul_nearby": [
        122000,
        1074.7392290249422
    ],
    "stand_on": [
        125000,
        1008.4353741496557
    ],
    "switch_off": [
        128000,
        490.0680272108957
    ],
    "switch_on": [
        130000,
        567.3469387755006
    ],
    "trooper_attack": [
        132000,
        513.4693877550944
    ],
    "trooper_death": [
        134000,
        846.6213151927491
    ],
    "trooper_injured": [
        136000,
        783.2199546485299
    ],
    "trooper_nearby": [
        138000,
        977.2335600906956
    ],
    "trooper_sighted": [
        140000,
        483.80952380952635
    ],
    "wall_move": [
        142000,
        268.39002267573164
    ],
    "wall_start": [
        144000,
        746.3038548752934
    ],
    "wall_stop": [
        146000,
        603.9002267573608
    ],
    "weapon_boot": [
        148000,
        226.39455782314144
    ],
    "weapon_chaingun": [
        150000,
        513.4693877550944
    ],
    "weapon_knife": [
        152000,
        560.8616780045281
    ],
    "weapon_knife_equip": [
        154000,
        513.3333333333212
    ],
    "weapon_launcher": [
        156000,
        1404.3537414966067
    ],
    "weapon_pickup": [
        159000,
        532.8798185940968
    ],
    "weapon_pistol": [
        161000,
        513.4693877550944
    ],
    "weapon_shotgun": [
        163000,
        796.7346938775393
    ]
}