{
    "GRUNT_ALERT": [0, 1235.9183673469388],
    "GRUNT_DEATH": [3000, 844.5351473922904],
    "GRUNT_PAIN": [5000, 783.2199546485264],
    "MANCUBUS_ALERT": [7000, 1188.299319727891],
    "MANCUBUS_DEATH": [10000, 1322.2675736961448],
    "PLAYER_DEATH": [13000, 982.7664399092963],
    "PLAYER_PAIN": [15000, 1374.3310657596376],
    "PLAYER_WALK": [18000, 3510.5668934240375],
    "PLAYER_ITEM_PICKUP": [37000, 205.2607709750589],
    "WEAPON_SHOTGUN": [23000, 796.73469387755],
    "WEAPON_PICKUP": [25000, 532.8798185941039],
    "WEAPON_PISTOL": [27000, 513.4693877551015],
    "WEAPON_OLD_SHOTGUN": [29000, 856.6893424036266],
    "WORLD_DOOR_CLOSE": [31000, 1259.138321995465],
    "WORLD_DOOR_OPEN": [34000, 1253.1519274376421],
    "ZOMBIE_ALERT": [39000, 1022.9478458049855],
    "ZOMBIE_DEATH": [42000, 996.9160997732445],
    "ZOMBIE_PAIN": [44000, 862.6757369614495]
}
