{"barrel_exploding":[0,1686.3492063492063],"cacodemon_attack":[3000,1336.9614512471655],"cacodemon_death":[6000,937.3242630385486],"cacodemon_injured":[8000,862.6757369614513],"cacodemon_nearby":[10000,1074.739229024944],"cacodemon_sighted":[13000,1559.2743764172337],"demon_attack":[16000,848.0725623582757],"demon_death":[18000,1111.2018140589585],"demon_injured":[21000,862.6757369614495],"demon_nearby":[23000,1074.7392290249422],"demon_sighted":[26000,1012.6077097505686],"door_closing":[29000,380.4988662131521],"door_opening":[31000,379.22902494331015],"entering_map":[33000,534.9659863945603],"explosion_launcher":[35000,1060.5895691609958],"imp_attack":[38000,1336.9614512471628],"imp_death":[41000,844.5351473922926],"imp_injured":[43000,783.2199546485228],"imp_nearby":[45000,909.2063492063503],"imp_sighted":[47000,1235.9183673469402],"item_pickup":[50000,205.2607709750589],"player_death":[52000,982.7664399092981],"player_injured":[54000,1374.331065759634],"player_use":[57000,354.6485260770993],"powerup":[59000,719.0929705215439],"sergeant_attack":[61000,856.6893424036266],"sergeant_death":[63000,992.8344671201828],"sergeant_injured":[65000,783.2199546485299],"sergeant_nearby":[67000,977.2335600907098],"sergeant_sighted":[69000,1022.9478458049925],"soul_attack":[72000,798.3673469387753],"soul_death":[74000,1060.5895691609958],"soul_injured":[77000,862.6757369614495],"soul_nearby":[79000,1074.7392290249422],"stand_on":[82000,1008.4353741496557],"switch_off":[85000,490.0680272108815],"switch_on":[87000,567.3469387755148],"trooper_attack":[89000,513.4693877551086],"trooper_death":[91000,846.6213151927491],"trooper_injured":[93000,783.2199546485299],"trooper_nearby":[95000,977.2335600907098],"trooper_sighted":[97000,483.80952380952635],"wall_moving":[99000,268.39002267573164],"weapon_chaingun":[101000,513.4693877551086],"weapon_knife":[103000,560.8616780045281],"weapon_knife_equip":[105000,513.3333333333354],"weapon_launcher":[107000,1404.3537414965926],"weapon_pickup":[110000,532.879818594111],"weapon_pistol":[112000,513.4693877551086],"weapon_shotgun":[114000,796.7346938775535]}