{
    "player:walk": [18000, 3510.5668934240375, true],
    "player:item": [37000, 205.2607709750589],
    "player:death": [13000, 982.7664399092963],
    "player:pain": [15000, 1374.3310657596376],
    "grunt:alert": [0, 1235.9183673469388],
    "grunt:pain": [5000, 783.2199546485264],
    "grunt:death": [42000, 996.9160997732445],
    "demon:alert": [39000, 1022.9478458049855],
    "demon:death": [3000, 844.5351473922904],
    "demon:pain": [44000, 862.6757369614495],
    "demon:attack": [7000, 1188.299319727891],
    "mancubus:death": [10000, 1322.2675736961448],
    "weapon:shotgun": [23000, 796.73469387755],
    "player:weapon": [25000, 532.8798185941039],
    "weapon:pistol": [27000, 513.4693877551015],
    "weapon:gun": [29000, 856.6893424036266],
    "door:close": [31000, 1259.138321995465],
    "door:open": [34000, 1253.1519274376421]
}
