{"barrel_exploding":[0,1686.3492063492063],"cacodemon_alerted":[3000,1559.2743764172337],"cacodemon_attack":[6000,1336.9614512471655],"cacodemon_death":[9000,937.3242630385495],"cacodemon_injured":[11000,862.6757369614513],"cacodemon_nearby":[13000,1074.739229024944],"demon_alerted":[16000,1012.6077097505686],"demon_attack":[19000,848.0725623582757],"demon_death":[21000,1111.2018140589585],"demon_injured":[24000,862.6757369614495],"demon_nearby":[26000,1074.7392290249422],"door_closing":[29000,380.4988662131521],"door_opening":[31000,379.22902494331015],"entering_map":[33000,534.9659863945603],"entity_respawn":[35000,506.8027210884338],"explosion_launcher":[37000,1060.5895691609958],"human_alerted":[40000,1022.9478458049855],"human_death":[43000,992.8344671201828],"human_injured":[45000,783.2199546485228],"human_nearby":[47000,977.2335600907027],"imp_alerted":[49000,1235.9183673469402],"imp_attack":[52000,1336.9614512471628],"imp_death":[55000,844.5351473922926],"imp_injured":[57000,783.2199546485228],"imp_nearby":[59000,909.2063492063503],"item_pickup":[61000,205.2607709750589],"mygameaudio":[63000,96026.1224489796],"player_death":[161000,982.7664399092839],"player_injured":[163000,1374.331065759634],"player_use":[166000,354.6485260770851],"powerup":[168000,719.0929705215297],"soul_attack":[170000,798.3673469387895],"soul_death":[172000,1060.58956916101],"soul_injured":[175000,862.6757369614495],"soul_nearby":[177000,1074.7392290249422],"switch_off":[180000,490.0680272108957],"switch_on":[182000,567.3469387755006],"teleport":[184000,1404.4444444444366],"wall_moving":[187000,268.39002267573164],"weapon_chaingun":[189000,513.4693877550944],"weapon_knife":[191000,560.8616780045281],"weapon_knife_equip":[193000,513.3333333333212],"weapon_launcher":[195000,1404.3537414966067],"weapon_pickup":[198000,532.8798185940968],"weapon_pistol":[200000,513.4693877550944],"weapon_shotgun":[202000,796.7346938775393]}