{
  "barrel_exploding": [
    0,
    1686.3492063492063
  ],
  "cacodemon_alerted": [
    3000,
    1559.2743764172337
  ],
  "cacodemon_attack": [
    6000,
    1336.9614512471655
  ],
  "cacodemon_death": [
    9000,
    937.3242630385495
  ],
  "cacodemon_injured": [
    11000,
    862.6757369614513
  ],
  "cacodemon_nearby": [
    13000,
    1074.739229024944
  ],
  "demon_alerted": [
    16000,
    1012.6077097505686
  ],
  "demon_attack": [
    19000,
    848.0725623582757
  ],
  "demon_death": [
    21000,
    1111.2018140589585
  ],
  "demon_injured": [
    24000,
    862.6757369614495
  ],
  "demon_nearby": [
    26000,
    1074.7392290249422
  ],
  "door_closing": [
    29000,
    380.4988662131521
  ],
  "door_opening": [
    31000,
    379.22902494331015
  ],
  "entering_map": [
    33000,
    534.9659863945603
  ],
  "entity_respawn": [
    35000,
    506.8027210884338
  ],
  "human_alerted": [
    37000,
    1022.9478458049855
  ],
  "human_death": [
    40000,
    992.8344671201828
  ],
  "human_injured": [
    42000,
    783.2199546485228
  ],
  "human_nearby": [
    44000,
    977.2335600907027
  ],
  "imp_alerted": [
    46000,
    1235.9183673469402
  ],
  "imp_attack": [
    49000,
    1336.9614512471628
  ],
  "imp_death": [
    52000,
    844.5351473922926
  ],
  "imp_injured": [
    54000,
    783.2199546485228
  ],
  "imp_nearby": [
    56000,
    909.2063492063503
  ],
  "item_pickup": [
    58000,
    205.2607709750589
  ],
  "player_death": [
    60000,
    982.7664399092981
  ],
  "player_injured": [
    62000,
    1374.331065759634
  ],
  "player_use": [
    65000,
    354.6485260770993
  ],
  "powerup": [
    67000,
    719.0929705215439
  ],
  "soul_attack": [
    69000,
    798.3673469387753
  ],
  "soul_death": [
    71000,
    1060.5895691609958
  ],
  "soul_injured": [
    74000,
    862.6757369614495
  ],
  "soul_nearby": [
    76000,
    1074.7392290249422
  ],
  "switch_off": [
    79000,
    490.0680272108815
  ],
  "switch_on": [
    81000,
    567.3469387755148
  ],
  "teleport": [
    83000,
    1404.4444444444507
  ],
  "wall_moving": [
    86000,
    268.39002267573164
  ],
  "weapon_chaingun": [
    88000,
    513.4693877551086
  ],
  "weapon_pickup": [
    90000,
    532.879818594111
  ],
  "weapon_pistol": [
    92000,
    513.4693877551086
  ],
  "weapon_shotgun": [
    94000,
    796.7346938775535
  ]
}
