{"arachnatron_death":[0,1638.8208616780043],"arachnatron_injured":[3000,862.6757369614513],"arachnatron_moving":[5000,478.54875283446677],"arachnatron_nearby":[7000,1198.9115646258508],"arachnatron_sighted":[10000,979.2290249433115],"barrel_exploding":[12000,1686.349206349206],"cacodemon_attack":[15000,1336.9614512471665],"cacodemon_death":[18000,937.3242630385477],"cacodemon_injured":[20000,862.6757369614495],"cacodemon_nearby":[22000,1074.7392290249422],"cacodemon_sighted":[25000,1559.2743764172355],"demon_attack":[28000,848.0725623582757],"demon_death":[30000,1111.2018140589585],"demon_injured":[33000,862.6757369614495],"demon_nearby":[35000,1074.7392290249422],"demon_sighted":[38000,1012.6077097505686],"door_closing":[41000,380.4988662131521],"door_opening":[43000,379.2290249433137],"entering_map":[45000,534.9659863945603],"explosion_launcher":[47000,1060.5895691609958],"imp_attack":[50000,1336.9614512471628],"imp_death":[53000,844.5351473922926],"imp_injured":[55000,783.2199546485228],"imp_nearby":[57000,909.2063492063503],"imp_sighted":[59000,1235.9183673469402],"item_pickup":[62000,205.2607709750589],"player_death":[64000,982.7664399092981],"player_injured":[66000,1374.331065759634],"player_use":[69000,354.6485260770993],"powerup":[71000,719.0929705215439],"revenant_attack":[73000,1320.0907029478515],"revenant_death":[76000,1322.2675736961519],"revenant_injured":[79000,783.2199546485299],"revenant_nearby":[81000,955.5555555555486],"revenant_sighted":[83000,1061.496598639451],"sergeant_attack":[86000,856.6893424036266],"sergeant_death":[88000,992.8344671201756],"sergeant_injured":[90000,783.2199546485299],"sergeant_nearby":[92000,977.2335600907098],"sergeant_sighted":[94000,1022.9478458049925],"soul_attack":[97000,798.3673469387753],"soul_death":[99000,1060.5895691609958],"soul_injured":[102000,862.6757369614495],"soul_nearby":[104000,1074.7392290249422],"stand_on":[107000,1008.4353741496557],"switch_off":[110000,490.0680272108815],"switch_on":[112000,567.3469387755148],"teleport":[114000,1404.4444444444507],"trooper_attack":[117000,513.4693877551086],"trooper_death":[119000,846.6213151927491],"trooper_injured":[121000,783.2199546485299],"trooper_nearby":[123000,977.2335600907098],"trooper_sighted":[125000,483.80952380952635],"wall_move":[127000,268.39002267573164],"wall_moving":[129000,268.39002267573164],"wall_start":[131000,746.3038548752934],"wall_stop":[133000,603.9002267573608],"weapon_boot":[135000,226.39455782314144],"weapon_chaingun":[137000,513.4693877550944],"weapon_knife":[139000,560.8616780045281],"weapon_knife_equip":[141000,513.3333333333212],"weapon_launcher":[143000,1404.3537414966067],"weapon_pickup":[146000,532.8798185940968],"weapon_pistol":[148000,513.4693877550944],"weapon_shotgun":[150000,796.7346938775393]}